{"cameraMode":{"drawMode":0,"name":"Shaded","section":"Shading Mode"},"sceneLighting":true,"audioPlay":false,"sceneViewState":{"m_AlwaysRefresh":false,"showFog":true,"showSkybox":true,"showFlares":true,"showImageEffects":true,"showParticleSystems":true,"showVisualEffectGraphs":true,"m_FxEnabled":true},"in2DMode":false,"pivot":{"x":3.0018320083618166,"y":-0.21085405349731446,"z":1.9701807498931885},"rotation":{"x":0.5902491807937622,"y":-0.07431130856275559,"z":0.05469018593430519,"w":0.8019351959228516},"size":7.052190780639648,"orthographic":false}