{"cameraMode":{"drawMode":0,"name":"Shaded","section":"Shading Mode"},"sceneLighting":true,"audioPlay":false,"sceneViewState":{"m_AlwaysRefresh":false,"showFog":true,"showSkybox":true,"showFlares":true,"showImageEffects":true,"showParticleSystems":true,"showVisualEffectGraphs":true,"m_FxEnabled":true},"in2DMode":false,"pivot":{"x":1.9283485412597657,"y":0.5192313194274902,"z":-0.37943553924560549},"rotation":{"x":0.5127540826797485,"y":-0.09870313107967377,"z":0.059487584978342059,"w":0.850769579410553},"size":2.6388752460479738,"orthographic":false}