{"cameraMode":{"drawMode":0,"name":"Shaded","section":"Shading Mode"},"sceneLighting":true,"audioPlay":false,"sceneViewState":{"m_AlwaysRefresh":false,"showFog":true,"showSkybox":true,"showFlares":true,"showImageEffects":true,"showParticleSystems":true,"showVisualEffectGraphs":true,"m_FxEnabled":true},"in2DMode":false,"pivot":{"x":0.7263760566711426,"y":-3.3451008796691896,"z":0.721182107925415},"rotation":{"x":0.15572814643383027,"y":-0.8434882164001465,"z":0.38276544213294985,"w":0.34317392110824587},"size":3.4461617469787599,"orthographic":false}