{"cameraMode":{"drawMode":0,"name":"Shaded","section":"Shading Mode"},"sceneLighting":false,"audioPlay":false,"sceneViewState":{"m_AlwaysRefresh":false,"showFog":true,"showSkybox":false,"showFlares":true,"showImageEffects":true,"showParticleSystems":true,"showVisualEffectGraphs":true,"m_FxEnabled":true},"in2DMode":false,"pivot":{"x":0.18881094455718995,"y":-0.42497262358665469,"z":-0.2393992841243744},"rotation":{"x":0.0797102302312851,"y":-0.770514726638794,"z":0.09830184280872345,"w":0.6247386932373047},"size":0.9731431603431702,"orthographic":false}