{"cameraMode":{"drawMode":0,"name":"Shaded","section":"Shading Mode"},"sceneLighting":false,"audioPlay":false,"sceneViewState":{"m_AlwaysRefresh":false,"showFog":true,"showSkybox":false,"showFlares":true,"showImageEffects":true,"showParticleSystems":true,"showVisualEffectGraphs":true,"m_FxEnabled":true},"in2DMode":false,"pivot":{"x":1.8911150693893433,"y":1.0206129550933838,"z":-0.01039588451385498},"rotation":{"x":0.6895166039466858,"y":-0.04767272248864174,"z":0.045573990792036059,"w":0.7212644815444946},"size":0.9731431603431702,"orthographic":false}