{"cameraMode":{"drawMode":0,"name":"Shaded","section":"Shading Mode"},"sceneLighting":false,"audioPlay":false,"sceneViewState":{"m_AlwaysRefresh":false,"showFog":true,"showSkybox":false,"showFlares":true,"showImageEffects":true,"showParticleSystems":true,"showVisualEffectGraphs":true,"m_FxEnabled":true},"in2DMode":false,"pivot":{"x":-0.7037330865859985,"y":0.16743376851081849,"z":0.22613826394081117},"rotation":{"x":-0.018704557791352273,"y":-0.5865631699562073,"z":-0.013555468991398812,"w":0.8095770478248596},"size":1.071434736251831,"orthographic":false}